station_name,date,y_true,y_pred,y_prob,fold,threshold,category,window_max_chl
01,2015-06-18,0,1,0.6529882796910479,2015,0.5,genuine_low,6.177341935483871
01,2015-07-07,0,1,0.7984852974814675,2015,0.5,genuine_low,5.745148484848485
01,2015-07-20,0,1,0.8280228717090479,2015,0.5,genuine_low,2.962039393939394
01,2015-08-17,0,1,0.6904488492635027,2015,0.5,genuine_low,3.4789041095890414
01,2015-09-01,0,1,0.6778557445967011,2015,0.5,genuine_low,1.5931253731343284
01,2016-08-03,0,1,0.6191288457116455,2016,0.5,genuine_low,2.6608208333333336
01,2016-08-18,0,1,0.766285639841891,2016,0.5,genuine_low,6.796386111111112
01,2016-08-30,0,1,0.6804270272241832,2016,0.5,genuine_low,3.2839121621621623
01,2017-07-18,0,1,0.7168323624475391,2017,0.5,genuine_low,3.369291338582677
01,2018-07-05,0,1,0.6918448819383228,2018,0.6500000000000001,genuine_low,7.605267175572519
01,2018-07-16,0,0,0.6016631052144956,2018,0.6500000000000001,genuine_low,4.367863247863248
01,2018-08-02,0,0,0.6418304342719107,2018,0.6500000000000001,genuine_low,2.212
01,2018-08-15,0,1,0.7072318827780482,2018,0.6500000000000001,genuine_low,6.795408163265306
01,2018-08-27,0,1,0.7092431225595289,2018,0.6500000000000001,genuine_low,1.7883486238532111
01,2019-07-15,0,1,0.6828011020169628,2019,0.6500000000000001,genuine_low,6.487218045112781
01,2019-07-30,0,1,0.7717143336074179,2019,0.6500000000000001,genuine_low,5.351111111111111
01,2019-08-28,0,1,0.7340020236120575,2019,0.6500000000000001,genuine_low,5.283666666666666
01,2021-08-31,0,1,0.7371785530025045,2021,0.7000000000000002,genuine_low,5.248488372093023
01,2022-07-19,0,0,0.6567549022888179,2022,0.7000000000000002,genuine_low,5.409270072992701
02,2015-06-18,0,1,0.6052042059019512,2015,0.5,genuine_low,6.354408450704225
02,2015-07-07,0,1,0.760279270049171,2015,0.5,genuine_low,3.4548276315789472
02,2015-07-20,0,1,0.8431825470436922,2015,0.5,genuine_low,5.704483783783783
02,2015-08-04,0,1,0.6543074695794183,2015,0.5,genuine_low,5.831532894736842
02,2015-08-17,0,1,0.7494965589789315,2015,0.5,genuine_low,4.725589743589744
02,2015-09-01,0,1,0.6884286573056136,2015,0.5,genuine_low,1.574525352112676
02,2016-07-19,0,1,0.6538647369570864,2016,0.5,genuine_low,5.418805555555555
02,2016-08-03,0,1,0.6582379845495892,2016,0.5,genuine_low,4.6494459459459465
02,2016-08-18,0,1,0.7830050060923957,2016,0.5,genuine_low,5.4629
02,2016-08-30,0,1,0.7729075403373074,2016,0.5,genuine_low,3.866145569620253
02,2017-07-18,0,1,0.6973372453269567,2017,0.5,genuine_low,6.646721311475409
02,2017-08-01,0,1,0.6673620842698923,2017,0.5,genuine_low,6.502585034013605
02,2018-07-16,0,1,0.7026875168716047,2018,0.6500000000000001,genuine_low,6.017289719626168
02,2018-08-02,0,1,0.6680780003956386,2018,0.6500000000000001,genuine_low,3.5566141732283465
02,2018-08-27,0,1,0.6913238882969522,2018,0.6500000000000001,genuine_low,1.803148148148148
02,2019-07-15,0,1,0.7295829751803269,2019,0.6500000000000001,genuine_low,4.729015151515152
02,2019-07-30,0,1,0.7526644244914532,2019,0.6500000000000001,genuine_low,4.091496062992126
02,2019-08-28,0,1,0.7585015392415595,2019,0.6500000000000001,genuine_low,7.131818181818182
02,2021-07-19,0,0,0.6663018213655025,2021,0.7000000000000002,genuine_low,7.165323741007194
02,2021-08-31,0,1,0.7719293892793815,2021,0.7000000000000002,genuine_low,6.9575000000000005
02,2022-07-19,0,0,0.6323197840241214,2022,0.7000000000000002,genuine_low,7.928684210526316
02,2022-08-02,0,0,0.6290397395169365,2022,0.7000000000000002,genuine_low,7.065069444444444
02,2024-07-02,0,0,0.6233499176092984,2024,0.6500000000000001,genuine_low,6.588796992481202
03,2015-07-07,0,1,0.6070118576639549,2015,0.5,genuine_low,3.059003
03,2015-07-20,0,1,0.6750258367448053,2015,0.5,genuine_low,2.030348598130841
04,2015-06-19,0,1,0.6583959064173367,2015,0.5,genuine_low,6.12752105263158
04,2015-07-07,0,1,0.8261969928707994,2015,0.5,genuine_low,4.29356
04,2015-07-20,0,1,0.8072740502406218,2015,0.5,genuine_low,7.19473275862069
04,2015-08-04,0,1,0.6597893823951727,2015,0.5,genuine_low,3.7417048387096776
04,2015-08-17,0,1,0.7455795800588348,2015,0.5,genuine_low,3.3318622950819674
04,2016-07-19,0,1,0.6502106523079191,2016,0.5,genuine_low,3.211205172413793
04,2016-08-03,0,1,0.7187012991568577,2016,0.5,genuine_low,2.6583050847457628
04,2016-08-18,0,1,0.7265936034911932,2016,0.5,genuine_low,6.323474509803922
04,2016-08-30,0,1,0.7506949691148741,2016,0.5,genuine_low,3.421346875
04,2017-08-15,0,1,0.782656865183966,2017,0.5,genuine_low,4.862755102040817
04,2018-07-05,0,1,0.7599178484415312,2018,0.6500000000000001,genuine_low,4.689173553719008
04,2018-07-16,0,1,0.654026631731452,2018,0.6500000000000001,genuine_low,7.829259259259259
04,2018-08-27,0,1,0.6800999691284185,2018,0.6500000000000001,genuine_low,1.772872340425532
04,2019-07-15,0,1,0.6957556335605017,2019,0.6500000000000001,genuine_low,6.01951923076923
04,2019-07-30,0,1,0.7700083326488147,2019,0.6500000000000001,genuine_low,6.483636363636363
04,2019-08-28,0,1,0.791479531480845,2019,0.6500000000000001,genuine_low,7.66746835443038
04,2020-08-12,0,0,0.6432877745430443,2020,0.7000000000000002,genuine_low,5.7884
04,2021-06-22,0,0,0.6072950073279109,2021,0.7000000000000002,genuine_low,7.050315789473684
04,2021-07-19,0,1,0.7172595594435707,2021,0.7000000000000002,genuine_low,4.947904761904762
04,2021-08-31,0,1,0.7338871523646984,2021,0.7000000000000002,genuine_low,6.840886075949366
04,2022-07-19,0,0,0.6478180096250559,2022,0.7000000000000002,genuine_low,6.383046875
04,2024-08-12,0,1,0.6697507692842536,2024,0.6500000000000001,genuine_low,6.74963963963964
04,2025-07-14,0,1,0.6677152813934745,2025,0.6500000000000001,genuine_low,6.35900826446281
05,2015-06-18,0,1,0.6502804471028601,2015,0.5,genuine_low,6.122998181818182
05,2015-07-07,0,1,0.7622760896948205,2015,0.5,genuine_low,3.2502122807017546
05,2015-07-20,0,1,0.7788372894165362,2015,0.5,genuine_low,3.0857678571428573
05,2015-08-17,0,1,0.6923097578077286,2015,0.5,genuine_low,3.0077629629629627
05,2016-08-03,0,1,0.6028940723695709,2016,0.5,genuine_low,2.447253968253968
05,2016-08-30,0,1,0.6909612357147544,2016,0.5,genuine_low,3.9595666666666665
05,2017-07-18,0,1,0.6574977427018974,2017,0.5,genuine_low,4.541214953271028
05,2017-08-15,0,1,0.6550232085694258,2017,0.5,genuine_low,6.848648648648648
05,2018-07-05,0,0,0.6244988239398125,2018,0.6500000000000001,genuine_low,5.773142857142856
05,2018-08-15,0,1,0.6926631792434098,2018,0.6500000000000001,genuine_low,4.464351851851852
05,2018-08-27,0,1,0.6907349198895527,2018,0.6500000000000001,genuine_low,1.883557692307692
05,2019-08-28,0,1,0.6821431444497451,2019,0.6500000000000001,genuine_low,3.958787878787879
05,2021-08-31,0,0,0.6986296029772397,2021,0.7000000000000002,genuine_low,4.189175257731959
06,2015-07-07,0,1,0.6494683717034718,2015,0.5,genuine_low,4.28868202247191
06,2015-07-20,0,1,0.7447277013411129,2015,0.5,genuine_low,6.601964772727272
06,2015-08-17,0,1,0.6587851733898419,2015,0.5,genuine_low,3.5536652173913046
06,2016-08-30,0,1,0.6942056666905482,2016,0.5,genuine_low,3.594605319148936
06,2018-08-02,0,0,0.6412518576713983,2018,0.6500000000000001,genuine_low,3.143796296296296
06,2018-08-27,0,0,0.6083689241854254,2018,0.6500000000000001,genuine_low,1.5790647482014388
06,2019-07-30,0,0,0.6491842878532219,2019,0.6500000000000001,genuine_low,5.445875
06,2019-08-28,0,1,0.6587977327322551,2019,0.6500000000000001,genuine_low,5.352362204724409
06,2021-08-31,0,0,0.6241360500769895,2021,0.7000000000000002,genuine_low,4.037460317460318
06,2024-07-31,0,0,0.6118024543710104,2024,0.6500000000000001,genuine_low,6.208011363636363
07,2015-07-07,0,1,0.7008612484926379,2015,0.5,genuine_low,4.292175
07,2015-07-20,0,1,0.7719933734116604,2015,0.5,genuine_low,2.769683076923077
07,2015-08-17,0,1,0.6725375691536074,2015,0.5,genuine_low,3.200612121212121
07,2016-07-19,0,1,0.6143476142523238,2016,0.5,genuine_low,3.667556896551724
07,2016-08-03,0,1,0.6823015373809489,2016,0.5,genuine_low,4.433930555555556
07,2016-08-30,0,1,0.7429789264690974,2016,0.5,genuine_low,3.932963636363637
07,2017-08-15,0,1,0.7387718682211142,2017,0.5,genuine_low,4.204368932038835
07,2018-07-05,0,0,0.6202102216969663,2018,0.6500000000000001,genuine_low,6.859090909090909
07,2018-08-27,0,1,0.6605877624714122,2018,0.6500000000000001,genuine_low,2.145
07,2019-07-15,0,1,0.6721095175319399,2019,0.6500000000000001,genuine_low,6.905978260869565
07,2019-08-28,0,1,0.7586916637521982,2019,0.6500000000000001,genuine_low,7.250792079207921
07,2020-08-12,0,0,0.6429491506904687,2020,0.7000000000000002,genuine_low,7.961224489795919
08,2015-07-07,0,1,0.6302185950860106,2015,0.5,genuine_low,2.671085
08,2015-07-20,0,1,0.6473265351257277,2015,0.5,genuine_low,2.654858928571429
08,2016-08-18,0,1,0.6233496327642332,2016,0.5,genuine_low,7.079592537313433
08,2016-08-30,0,1,0.6323998754330145,2016,0.5,genuine_low,4.1560830769230765
08,2017-07-18,0,1,0.63277487923022,2017,0.5,genuine_low,5.935132743362831
08,2019-07-30,0,1,0.6624984961667117,2019,0.6500000000000001,genuine_low,7.068319327731093
08,2021-08-31,0,0,0.6470143313432112,2021,0.7000000000000002,genuine_low,3.776116504854369
09,2015-07-07,0,1,0.6830068655409862,2015,0.5,genuine_low,4.2673314285714286
09,2015-07-20,0,1,0.7680400068300872,2015,0.5,genuine_low,3.685417647058824
09,2015-08-17,0,1,0.6790356135317557,2015,0.5,genuine_low,3.2224142857142857
09,2017-07-18,0,1,0.6461390641615691,2017,0.5,genuine_low,6.232592592592592
09,2018-08-15,0,1,0.6877330434592406,2018,0.6500000000000001,genuine_low,5.733538461538462
09,2019-07-15,0,0,0.6497035246078403,2019,0.6500000000000001,genuine_low,5.541785714285714
09,2019-07-30,0,1,0.7479954047252624,2019,0.6500000000000001,genuine_low,5.272045454545455
09,2022-02-15,0,1,0.8260312154927683,2022,0.7000000000000002,genuine_low,7.4690625
09,2022-07-19,0,0,0.6094388958440042,2022,0.7000000000000002,genuine_low,3.225975609756097
09,2024-02-22,0,1,0.6649668225114107,2024,0.6500000000000001,genuine_low,4.3810416666666665
09,2024-07-16,0,1,0.6701274544883088,2024,0.6500000000000001,genuine_low,7.637727272727273
09,2024-07-31,0,0,0.6301866956718759,2024,0.6500000000000001,genuine_low,6.678837209302325
10,2015-07-08,0,1,0.6468171571958022,2015,0.5,genuine_low,3.137322222222222
10,2015-07-21,0,1,0.6858473039885623,2015,0.5,genuine_low,5.97441046511628
10,2018-07-31,0,0,0.6197219017883173,2018,0.6500000000000001,genuine_low,2.133720930232558
10,2019-08-13,0,0,0.6025670613868659,2019,0.6500000000000001,genuine_low,7.83037037037037
10,2021-08-31,0,0,0.6065263072883222,2021,0.7000000000000002,genuine_low,7.810578512396694
12,2015-07-07,0,1,0.6949308182469385,2015,0.5,genuine_low,4.600618604651163
12,2015-07-20,0,1,0.7240127830282806,2015,0.5,genuine_low,2.6608
12,2015-08-17,0,1,0.6345304404361723,2015,0.5,genuine_low,3.44476
12,2016-08-30,0,1,0.6966186092953015,2016,0.5,genuine_low,6.575333333333333
12,2017-07-18,0,1,0.6920756349246141,2017,0.5,genuine_low,4.9518085106382985
12,2018-08-01,0,0,0.6264393231943567,2018,0.6500000000000001,genuine_low,4.371884057971015
12,2018-08-15,0,1,0.7309561825048083,2018,0.6500000000000001,genuine_low,4.48566265060241
12,2018-08-27,0,1,0.7624971043082126,2018,0.6500000000000001,genuine_low,2.875952380952381
12,2019-07-30,0,1,0.7259711751682705,2019,0.6500000000000001,genuine_low,3.951010101010101
12,2021-08-16,0,0,0.6142161400950746,2021,0.7000000000000002,genuine_low,5.360645161290323
12,2021-08-31,0,1,0.7166890527196703,2021,0.7000000000000002,genuine_low,4.965757575757576
15,2015-07-08,0,1,0.639740567105506,2015,0.5,genuine_low,3.28422027027027
15,2015-07-21,0,1,0.7109181623930456,2015,0.5,genuine_low,3.8866753246753247
15,2019-07-03,0,1,0.6633500660107486,2019,0.6500000000000001,genuine_low,5.199580419580419
15,2019-07-16,0,1,0.6876229538487052,2019,0.6500000000000001,genuine_low,3.689863945578231
15,2024-07-16,0,0,0.6000631883654189,2024,0.6500000000000001,genuine_low,7.63308176100629
16,2015-07-07,0,1,0.7306282788718851,2015,0.5,genuine_low,7.3266875
16,2015-07-20,0,1,0.7330827781342993,2015,0.5,genuine_low,5.146446666666666
16,2015-08-04,0,1,0.6292630437987844,2015,0.5,genuine_low,4.499527586206897
16,2015-08-17,0,1,0.6920023691799743,2015,0.5,genuine_low,5.31317
16,2016-07-18,0,1,0.6354128822154966,2016,0.5,genuine_low,4.521294594594595
16,2016-08-02,0,1,0.6605249434454644,2016,0.5,genuine_low,5.4404275
16,2016-08-31,0,1,0.6852119590913036,2016,0.5,genuine_low,6.03969534883721
16,2017-07-06,0,1,0.6052902401849124,2017,0.5,genuine_low,5.978125
16,2017-07-18,0,1,0.7049399874323589,2017,0.5,genuine_low,5.011648351648351
16,2017-08-15,0,1,0.6394741530179346,2017,0.5,genuine_low,5.019285714285715
16,2018-07-17,0,1,0.7123405418345361,2018,0.6500000000000001,genuine_low,7.597272727272728
16,2018-07-31,0,1,0.7251679482171502,2018,0.6500000000000001,genuine_low,5.00948717948718
16,2018-08-14,0,1,0.67797922996617,2018,0.6500000000000001,genuine_low,5.785308641975309
16,2018-08-28,0,1,0.7238678534904129,2018,0.6500000000000001,genuine_low,3.201323529411765
16,2019-07-15,0,0,0.6039275543576967,2019,0.6500000000000001,genuine_low,5.2475000000000005
16,2019-07-30,0,1,0.7714499702530263,2019,0.6500000000000001,genuine_low,7.765434782608695
16,2019-08-12,0,0,0.6124626320638102,2019,0.6500000000000001,genuine_low,5.560416666666666
16,2021-07-12,0,0,0.6051788133720114,2021,0.7000000000000002,genuine_low,4.811382978723404
16,2021-07-19,0,0,0.607681446792423,2021,0.7000000000000002,genuine_low,6.549090909090909
16,2021-08-16,0,0,0.6597824434186316,2021,0.7000000000000002,genuine_low,5.357608695652174
16,2021-08-31,0,0,0.661684589857603,2021,0.7000000000000002,genuine_low,4.934262295081967
16,2022-07-18,0,0,0.6063554433887015,2022,0.7000000000000002,genuine_low,6.742840909090909
16,2024-07-16,0,1,0.7199809556521807,2024,0.6500000000000001,genuine_low,3.579230769230769
18,2015-07-21,0,1,0.6210308980921511,2015,0.5,genuine_low,5.11024
18,2018-07-31,0,1,0.6585463279102438,2018,0.6500000000000001,genuine_low,4.778076923076923
26,2015-07-23,0,1,0.6173762946217882,2015,0.5,genuine_low,3.786784905660377
26,2015-08-18,0,1,0.6019688367249524,2015,0.5,genuine_low,2.9388053571428574
26,2016-08-16,0,1,0.6629635068329875,2016,0.5,genuine_low,4.958051063829787
29,2015-07-23,0,1,0.6758293960986423,2015,0.5,genuine_low,4.487157142857143
29,2016-08-16,0,1,0.6467384437102134,2016,0.5,genuine_low,5.496178571428572
A4,2015-07-07,0,1,0.7523652395316798,2015,0.5,genuine_low,4.49380606060606
A4,2015-07-20,0,1,0.8181920832078806,2015,0.5,genuine_low,3.748372413793104
A4,2015-08-17,0,1,0.7227153179305328,2015,0.5,genuine_low,4.41108448275862
A4,2016-03-23,0,1,0.686358217199762,2016,0.5,genuine_low,3.110830379746836
A4,2016-07-19,0,1,0.6956677012291629,2016,0.5,genuine_low,3.341794155844156
A4,2016-08-18,0,1,0.7447794438496473,2016,0.5,genuine_low,4.456418709677419
A4,2017-07-18,0,1,0.6924920436541939,2017,0.5,genuine_low,5.1555749128919865
A4,2017-08-01,0,1,0.6353745924277024,2017,0.5,genuine_low,3.5153776435045314
A4,2017-08-15,0,1,0.7812022501866575,2017,0.5,genuine_low,3.8229302325581394
A4,2018-07-16,0,1,0.7212085174949183,2018,0.6500000000000001,genuine_low,3.5287279151943465
A4,2018-08-15,0,1,0.7383125407429165,2018,0.6500000000000001,genuine_low,5.192509090909091
A4,2019-07-02,0,1,0.6739636909572608,2019,0.6500000000000001,genuine_low,7.970362537764351
A4,2019-07-15,0,1,0.8607857565919532,2019,0.6500000000000001,genuine_low,5.394479166666667
A4,2019-07-30,0,1,0.8218080382927986,2019,0.6500000000000001,genuine_low,5.771492537313433
A4,2019-08-12,0,1,0.7755066040530209,2019,0.6500000000000001,genuine_low,6.147583333333333
A4,2021-07-19,0,1,0.7124933346307616,2021,0.7000000000000002,genuine_low,7.382536764705883
A4,2021-08-16,0,0,0.6648782385699706,2021,0.7000000000000002,genuine_low,4.808283828382838
A4,2022-02-15,0,1,0.9691454805153416,2022,0.7000000000000002,genuine_low,7.399342105263158
A4,2022-07-07,0,0,0.6641622891924557,2022,0.7000000000000002,genuine_low,7.613448275862069
A4,2022-07-19,0,1,0.7953806114281623,2022,0.7000000000000002,genuine_low,4.874358208955224
A4,2023-07-17,0,1,0.6708258736600917,2023,0.6500000000000001,genuine_low,5.513273381294964
A4,2024-07-16,0,1,0.8458931650916901,2024,0.6500000000000001,genuine_low,6.033962962962963
A4,2024-07-31,0,1,0.8833396370771378,2024,0.6500000000000001,genuine_low,4.856119873817035
A4,2024-08-12,0,1,0.7208234475101103,2024,0.6500000000000001,genuine_low,5.627323943661972
A4,2025-07-01,0,1,0.6933467757556864,2025,0.6500000000000001,genuine_low,5.963176895306859
A4,2025-07-14,0,1,0.669401399556393,2025,0.6500000000000001,genuine_low,6.585018315018315
B3,2015-07-07,0,1,0.7828805002063295,2015,0.5,genuine_low,5.698832558139535
B3,2015-07-20,0,1,0.8240832904658496,2015,0.5,genuine_low,5.050244303797468
B3,2015-08-17,0,1,0.74679006946886,2015,0.5,genuine_low,7.176263333333333
B3,2016-02-17,0,1,0.6011162343353003,2016,0.5,genuine_low,6.8884647058823525
B3,2016-06-20,0,1,0.6368480898751329,2016,0.5,genuine_low,6.224161627906978
B3,2016-07-19,0,1,0.6855515080766694,2016,0.5,genuine_low,5.40218275862069
B3,2016-08-18,0,1,0.7853927579899088,2016,0.5,genuine_low,3.3742375000000004
B3,2016-08-30,0,1,0.6177277182080507,2016,0.5,genuine_low,4.553615384615385
B3,2017-02-08,0,1,0.7984560884489714,2017,0.5,genuine_low,3.157248322147651
B3,2017-08-15,0,1,0.7893839415544726,2017,0.5,genuine_low,5.926640625
B3,2019-07-15,0,1,0.8128429887353908,2019,0.6500000000000001,genuine_low,4.669212121212121
B3,2019-07-30,0,1,0.820361491616916,2019,0.6500000000000001,genuine_low,5.668834355828221
B3,2019-08-28,0,0,0.6421550804588386,2019,0.6500000000000001,genuine_low,6.657967479674796
B3,2021-08-31,0,0,0.6359836602900603,2021,0.7000000000000002,genuine_low,6.441982758620689
B3,2022-02-15,0,1,0.78035573379944,2022,0.7000000000000002,genuine_low,5.054697986577181
B3,2022-07-19,0,1,0.7343944845900554,2022,0.7000000000000002,genuine_low,5.848956043956044
B3,2023-07-17,0,0,0.6228767551781701,2023,0.6500000000000001,genuine_low,3.805930232558139
B3,2024-07-02,0,1,0.7090604122893054,2024,0.6500000000000001,genuine_low,6.77931506849315
B3,2024-08-12,0,1,0.7031565007286058,2024,0.6500000000000001,genuine_low,6.560235294117647
C1,2015-07-07,0,1,0.672712722534958,2015,0.5,genuine_low,3.98206551724138
C1,2015-07-20,0,1,0.7433629848820194,2015,0.5,genuine_low,4.049762352941177
C1,2015-08-17,0,1,0.6278941580019778,2015,0.5,genuine_low,3.054948351648352
C1,2016-08-18,0,1,0.6814113891622035,2016,0.5,genuine_low,3.513888172043011
C1,2017-02-08,0,1,0.6527748108697079,2017,0.5,genuine_low,5.792409638554217
C1,2017-08-15,0,1,0.6559555196864573,2017,0.5,genuine_low,7.542578124999999
C1,2018-08-15,0,0,0.6085997787817199,2018,0.6500000000000001,genuine_low,6.923878787878788
C1,2019-07-15,0,1,0.6750432388200516,2019,0.6500000000000001,genuine_low,5.639135135135136
C1,2019-07-30,0,1,0.7018289800574158,2019,0.6500000000000001,genuine_low,4.924255319148936
D3,2022-02-15,0,0,0.6943840925717559,2022,0.7000000000000002,genuine_low,7.719635627530365
H2,2019-07-29,0,1,0.6730885444406559,2019,0.6500000000000001,genuine_low,3.7129508196721313
01,2024-07-31,0,1,0.6838189859936199,2024,0.6500000000000001,near_miss_just_outside,6.938740740740741
02,2024-07-16,0,1,0.675011190048025,2024,0.6500000000000001,near_miss_just_outside,7.604890510948905
04,2018-08-02,0,1,0.6831947093764557,2018,0.6500000000000001,near_miss_just_outside,5.31929292929293
07,2018-08-02,0,1,0.6839994305899515,2018,0.6500000000000001,near_miss_just_outside,3.96990099009901
07,2021-07-19,0,1,0.740770542838311,2021,0.7000000000000002,near_miss_just_outside,7.076386554621849
A4,2024-06-04,0,1,0.8807380219353866,2024,0.6500000000000001,near_miss_just_outside,6.528407407407408
B3,2021-07-19,0,0,0.6861983382314323,2021,0.7000000000000002,near_miss_just_outside,5.722269938650307
B3,2024-07-16,0,1,0.7622438833661361,2024,0.6500000000000001,near_miss_just_outside,7.454883720930232
B3,2025-07-14,0,1,0.6654958578418925,2025,0.6500000000000001,near_miss_just_outside,7.953550295857989
01,2015-08-04,0,1,0.6141755667898816,2015,0.5,near_miss_subthreshold,8.127697142857143
01,2017-08-01,0,1,0.6465949069641406,2017,0.5,near_miss_subthreshold,9.841079136690649
01,2017-08-15,0,1,0.716472685125353,2017,0.5,near_miss_subthreshold,8.89917525773196
01,2020-08-12,0,0,0.6746542137882503,2020,0.7000000000000002,near_miss_subthreshold,9.599473684210526
01,2021-08-16,0,0,0.6299620161881313,2021,0.7000000000000002,near_miss_subthreshold,9.783636363636363
01,2024-07-16,0,1,0.6812152882748459,2024,0.6500000000000001,near_miss_subthreshold,8.503941605839415
01,2025-06-17,0,0,0.6088016557251843,2025,0.6500000000000001,near_miss_subthreshold,9.48766917293233
01,2025-07-30,0,0,0.6150942033928645,2025,0.6500000000000001,near_miss_subthreshold,9.97919117647059
02,2017-08-15,0,1,0.7601313075741473,2017,0.5,near_miss_subthreshold,9.08
02,2018-07-05,0,1,0.7341847542419883,2018,0.6500000000000001,near_miss_subthreshold,9.41506329113924
02,2018-08-15,0,1,0.7596766122759828,2018,0.6500000000000001,near_miss_subthreshold,9.960916666666666
02,2020-08-12,0,0,0.6557757281450375,2020,0.7000000000000002,near_miss_subthreshold,9.349841269841267
02,2024-08-12,0,1,0.6531438333128957,2024,0.6500000000000001,near_miss_subthreshold,8.225597014925373
02,2025-07-30,0,1,0.6654683623574783,2025,0.6500000000000001,near_miss_subthreshold,9.435
04,2024-07-02,0,0,0.6059452778610627,2024,0.6500000000000001,near_miss_subthreshold,8.750283018867924
05,2016-08-18,0,1,0.7304597847968938,2016,0.5,near_miss_subthreshold,9.748819402985074
05,2019-07-30,0,1,0.7108554933235434,2019,0.6500000000000001,near_miss_subthreshold,9.429921875
05,2021-08-16,0,0,0.6166147746540019,2021,0.7000000000000002,near_miss_subthreshold,8.031782945736433
06,2018-08-15,0,0,0.6454448935102278,2018,0.6500000000000001,near_miss_subthreshold,8.309632352941176
07,2016-08-18,0,1,0.7434101440963797,2016,0.5,near_miss_subthreshold,9.557823076923077
07,2017-08-01,0,1,0.64123809727662,2017,0.5,near_miss_subthreshold,9.185772357723575
07,2019-07-30,0,1,0.8174781114389019,2019,0.6500000000000001,near_miss_subthreshold,9.325420560747665
09,2017-02-08,0,1,0.6073749130824018,2017,0.5,near_miss_subthreshold,9.24952380952381
09,2017-08-15,0,1,0.6254180742858612,2017,0.5,near_miss_subthreshold,9.218333333333334
09,2021-08-16,0,0,0.618237175164229,2021,0.7000000000000002,near_miss_subthreshold,9.396444444444445
12,2019-08-12,0,1,0.6787975321783701,2019,0.6500000000000001,near_miss_subthreshold,9.308555555555555
15,2019-08-13,0,0,0.6090244425185878,2019,0.6500000000000001,near_miss_subthreshold,8.983676470588236
16,2020-07-20,0,0,0.6402934751703158,2020,0.7000000000000002,near_miss_subthreshold,8.026
A4,2017-02-21,0,1,0.8647194066958587,2017,0.5,near_miss_subthreshold,8.622888198757764
A4,2018-07-05,0,1,0.6733976938652574,2018,0.6500000000000001,near_miss_subthreshold,9.393985507246375
A4,2019-05-30,0,1,0.7975029459189693,2019,0.6500000000000001,near_miss_subthreshold,8.441525974025973
A4,2022-06-03,0,0,0.6143180907450305,2022,0.7000000000000002,near_miss_subthreshold,9.189386792452831
A4,2024-07-02,0,1,0.7028656555365876,2024,0.6500000000000001,near_miss_subthreshold,9.113573770491804
A4,2025-06-17,0,1,0.7337597810569886,2025,0.6500000000000001,near_miss_subthreshold,9.502030651340997
A4,2025-07-30,0,1,0.801015378116136,2025,0.6500000000000001,near_miss_subthreshold,9.05213649851632
A4,2025-08-11,0,0,0.6241769465454288,2025,0.6500000000000001,near_miss_subthreshold,8.173223684210527
B3,2017-07-18,0,1,0.6038995373623793,2017,0.5,near_miss_subthreshold,9.470579710144928
B3,2018-07-05,0,1,0.7133649679613513,2018,0.6500000000000001,near_miss_subthreshold,9.411851851851852
B3,2018-07-16,0,1,0.711222739053689,2018,0.6500000000000001,near_miss_subthreshold,8.247704918032786
B3,2018-08-15,0,1,0.7413984232246926,2018,0.6500000000000001,near_miss_subthreshold,9.283950617283953
B3,2019-05-30,0,1,0.7247250467289774,2019,0.6500000000000001,near_miss_subthreshold,8.085428571428572
B3,2019-06-12,0,1,0.7672635202645701,2019,0.6500000000000001,near_miss_subthreshold,9.283314285714283
B3,2019-08-12,0,1,0.7182817258529225,2019,0.6500000000000001,near_miss_subthreshold,8.75674074074074
B3,2024-02-22,0,1,0.8135668777585372,2024,0.6500000000000001,near_miss_subthreshold,8.192335329341319
B3,2024-06-04,0,1,0.7712606498460247,2024,0.6500000000000001,near_miss_subthreshold,9.860347826086956
B3,2024-06-17,0,1,0.7963312315458237,2024,0.6500000000000001,near_miss_subthreshold,9.939939024390243
B3,2025-06-17,0,1,0.7145651884467625,2025,0.6500000000000001,near_miss_subthreshold,8.341151515151514
C1,2024-07-16,0,0,0.6076125562065885,2024,0.6500000000000001,near_miss_subthreshold,8.04293103448276
C2,2019-02-07,0,1,0.6589298373074162,2019,0.6500000000000001,near_miss_subthreshold,9.834266666666666
01,2017-08-28,0,1,0.6918491882580837,2017,0.5,unobserved_window,
01,2018-06-12,0,0,0.6373493777317071,2018,0.6500000000000001,unobserved_window,
02,2017-08-28,0,1,0.700657482856521,2017,0.5,unobserved_window,
02,2020-07-20,0,0,0.6361071657263503,2020,0.7000000000000002,unobserved_window,
02,2024-08-27,0,1,0.7353275901544754,2024,0.6500000000000001,unobserved_window,
04,2017-08-28,0,1,0.7186581987192527,2017,0.5,unobserved_window,
04,2024-08-27,0,1,0.7188926338519269,2024,0.6500000000000001,unobserved_window,
05,2017-08-28,0,1,0.6337395470419519,2017,0.5,unobserved_window,
05,2018-06-12,0,0,0.6195110317679134,2018,0.6500000000000001,unobserved_window,
07,2017-08-28,0,1,0.6711609277754946,2017,0.5,unobserved_window,
07,2021-06-22,0,0,0.62155708715975,2021,0.7000000000000002,unobserved_window,
07,2021-08-31,0,1,0.723871294600725,2021,0.7000000000000002,unobserved_window,
07,2024-08-27,0,1,0.6573474663870852,2024,0.6500000000000001,unobserved_window,
12,2017-08-28,0,1,0.6199005964777581,2017,0.5,unobserved_window,
12,2020-08-03,0,0,0.6179234636332267,2020,0.7000000000000002,unobserved_window,
15,2015-09-16,0,1,0.6004615196084302,2015,0.5,unobserved_window,
15,2016-02-02,0,1,0.6816963716008182,2016,0.5,unobserved_window,
15,2019-02-06,0,1,0.7965864842549988,2019,0.6500000000000001,unobserved_window,
15,2020-02-11,0,0,0.670134323255624,2020,0.7000000000000002,unobserved_window,
15,2022-02-03,0,1,0.8729090228010924,2022,0.7000000000000002,unobserved_window,
15,2024-02-07,0,1,0.7512417587800511,2024,0.6500000000000001,unobserved_window,
16,2017-08-28,0,1,0.6053136159434799,2017,0.5,unobserved_window,
16,2020-08-03,0,0,0.6374839966857553,2020,0.7000000000000002,unobserved_window,
18,2018-08-28,0,0,0.6470890844697014,2018,0.6500000000000001,unobserved_window,
21,2018-08-29,0,1,0.673417588508953,2018,0.6500000000000001,unobserved_window,
26,2018-08-29,0,1,0.6902205865521899,2018,0.6500000000000001,unobserved_window,
29,2015-08-18,0,1,0.6368093307652806,2015,0.5,unobserved_window,
29,2018-08-29,0,1,0.6618195653104105,2018,0.6500000000000001,unobserved_window,
A4,2015-02-10,0,1,0.7640535989089362,2015,0.5,unobserved_window,
A4,2015-05-29,0,1,0.6246121737726437,2015,0.5,unobserved_window,
A4,2015-09-16,0,1,0.6560890112650206,2015,0.5,unobserved_window,
A4,2018-01-11,0,0,0.629365919276353,2018,0.6500000000000001,unobserved_window,
A4,2018-02-20,0,1,0.8885077998173483,2018,0.6500000000000001,unobserved_window,
A4,2018-06-12,0,1,0.8041859170242575,2018,0.6500000000000001,unobserved_window,
A4,2019-01-03,0,1,0.7834836611687729,2019,0.6500000000000001,unobserved_window,
A4,2019-03-05,0,1,0.8120554396965228,2019,0.6500000000000001,unobserved_window,
A4,2019-05-07,0,1,0.7575021693852138,2019,0.6500000000000001,unobserved_window,
A4,2020-07-20,0,0,0.6825527921469299,2020,0.7000000000000002,unobserved_window,
A4,2022-03-03,0,0,0.6514731533775499,2022,0.7000000000000002,unobserved_window,
A4,2023-02-07,0,1,0.7442869322197186,2023,0.6500000000000001,unobserved_window,
A4,2024-01-08,0,1,0.8056799644768543,2024,0.6500000000000001,unobserved_window,
A4,2024-04-08,0,1,0.6865144783667037,2024,0.6500000000000001,unobserved_window,
A4,2024-05-03,0,1,0.9102992694249,2024,0.6500000000000001,unobserved_window,
A4,2024-08-27,0,1,0.6575898728439906,2024,0.6500000000000001,unobserved_window,
A4,2025-01-30,0,1,0.7277086238082219,2025,0.6500000000000001,unobserved_window,
B3,2015-09-16,0,1,0.7110388012793417,2015,0.5,unobserved_window,
B3,2018-02-20,0,0,0.6213401314844843,2018,0.6500000000000001,unobserved_window,
B3,2018-06-12,0,1,0.7601016477818738,2018,0.6500000000000001,unobserved_window,
B3,2019-01-03,0,0,0.6461934515303311,2019,0.6500000000000001,unobserved_window,
B3,2019-05-07,0,1,0.6642657097543614,2019,0.6500000000000001,unobserved_window,
B3,2020-07-20,0,0,0.626556336431657,2020,0.7000000000000002,unobserved_window,
B3,2021-09-13,0,0,0.650910125404084,2021,0.7000000000000002,unobserved_window,
B3,2024-01-08,0,0,0.6405717974007777,2024,0.6500000000000001,unobserved_window,
B3,2024-05-03,0,1,0.7562140572584506,2024,0.6500000000000001,unobserved_window,
B3,2024-08-27,0,1,0.6932663685828101,2024,0.6500000000000001,unobserved_window,
C1,2022-02-02,0,1,0.7415970763971046,2022,0.7000000000000002,unobserved_window,
F2,2019-02-06,0,0,0.6343606169748991,2019,0.6500000000000001,unobserved_window,
